time,setpoint,left_speed,right_speed,left_out,right_out
0.061,1000,0,0,0.94,0.94
0.124,1000,805,821,0.321,0.307
0.229,1000,1506,1620,0,0
0.317,1000,1528,1505,0,0
0.403,1000,1110,1052,0,0
0.485,1000,944,884,0.054,0.112
0.567,1000,763,763,0.238,0.248
0.651,1000,876,888,0.168,0.166
0.715,1000,1101,1101,0,0
0.797,1000,986,974,0.069,0.088
0.858,1000,860,844,0.187,0.212
0.92,1000,874,939,0.191,0.143
0.986,1000,974,1020,0.115,0.076
1.069,1000,1082,998,0.014,0.094
1.153,1000,982,911,0.098,0.178
1.216,1000,915,963,0.162,0.141
1.278,1000,941,1005,0.148,0.107
1.341,1000,991,1023,0.109,0.09
1.424,1000,1022,914,0.081,0.192
1.486,1000,993,961,0.105,0.159
1.55,1000,913,1054,0.181,0.077
1.634,1000,1021,1033,0.09,0.088
1.697,1000,1122,996,0,0.119
1.759,1000,972,940,0.117,0.171
1.822,1000,907,970,0.181,0.15
1.885,1000,906,1034,0.194,0.096
1.968,1000,1073,1049,0.048,0.075
2.031,1000,1054,975,0.056,0.137
2.114,1000,953,977,0.145,0.14
2.177,1000,990,1038,0.117,0.086
2.259,1000,997,1033,0.112,0.085
2.324,1000,1000,938,0.11,0.168
2.388,1000,999,1014,0.111,0.106
2.451,1000,1008,1008,0.102,0.11
2.516,1000,1015,1015,0.095,0.102
2.579,1000,1004,972,0.103,0.14
2.641,1000,992,992,0.113,0.125
2.726,1000,994,1077,0.113,0.044
2.788,1000,1022,1054,0.088,0.056
2.871,1000,1023,903,0.083,0.193
2.936,1000,980,949,0.12,0.162
3.019,1000,982,1054,0.121,0.069
3.083,1000,997,1059,0.11,0.057
3.147,1000,1027,964,0.082,0.138
3.213,1000,995,950,0.108,0.156
3.297,1000,987,987,0.117,0.129
3.36,1000,985,1032,0.121,0.089
3.442,1000,1033,1021,0.077,0.094
3.525,1000,989,976,0.114,0.133
3.608,1000,980,968,0.125,0.146
3.67,1000,1015,1015,0.094,0.106
3.756,1000,1032,1078,0.076,0.042
3.84,1000,975,987,0.125,0.117
3.903,1000,1000,920,0.106,0.181
3.987,1000,957,957,0.147,0.158
4.051,1000,975,1114,0.136,0.018
4.118,1000,1069,1069,0.051,0.045
4.18,1000,1076,932,0.036,0.163
4.243,1000,990,926,0.106,0.177
4.307,1000,905,982,0.187,0.134
4.369,1000,944,1023,0.163,0.098
4.432,1000,1068,1020,0.054,0.098
4.515,1000,1060,1000,0.051,0.115
4.598,1000,922,1007,0.174,0.108
4.66,1000,938,986,0.169,0.126
4.744,1000,1007,971,0.113,0.143
4.826,1000,1151,1042,0,0.079
4.909,1000,1037,1049,0.058,0.066
4.972,1000,876,923,0.202,0.176
5.035,1000,905,921,0.191,0.188
